# lambda/nm,I/A
5.000000000000000000e+02,3.551060503805982403e-07
5.500000000000000000e+02,1.222607412670167343e-01
