# lambda/nm,I/A
5.000000000000000000e+02,1.268466901140740907e-08
5.500000000000000000e+02,9.968984046958447467e-09
6.000000000000000000e+02,1.150550522355534109e-08
6.500000000000000000e+02,4.395797258470041625e-09
7.000000000000000000e+02,9.063010693024139323e-09
7.500000000000000000e+02,1.893147578912254058e-08
