# lambda/nm,V/V
5.000000000000000000e+02,4.592121185920675208e-08
5.500000000000000000e+02,5.639480562129690371e-08
6.000000000000000000e+02,3.378946280962086588e-08
6.500000000000000000e+02,3.353561536337110226e-08
7.000000000000000000e+02,2.175781990817019775e-08
7.500000000000000000e+02,4.286954718419593419e-08
