# lambda/nm,V/V
5.000000000000000000e+02,-1.950417344911804329e-04
5.500000000000000000e+02,-4.067195264124049385e-05
6.000000000000000000e+02,2.109850068994518623e-04
6.500000000000000000e+02,2.235097219702317174e-04
7.000000000000000000e+02,-6.333734517310559315e-06
7.500000000000000000e+02,-2.077051402843252306e-04
8.000000000000000000e+02,-2.041417574113547407e-04
